[
  {
    "title": "Float On",
    "artist": "Modest Mouse",
    "genre": "Alternative Rock",
    "album": "bla bla bla",
    "albumImageUrl": "https://images-na.ssl-images-amazon.com/images/I/61RmDQUGIAL._SL1500_.jpg",
    "youtubeId": "CTAud5O7Qqk",
    "lyrics": "",
    "tab": ""
  },
  {
    "title": "abc",
    "artist": "123",
    "genre": "dfasdf",
    "album": "asdf",
    "albumImageUrl": null,
    "youtubeId": null,
    "lyrics": "asdf",
    "tab": "asdf"
  },
  {
    "title": "asdf",
    "artist": "asdf",
    "genre": "asdf",
    "album": null,
    "albumImageUrl": null,
    "youtubeId": null,
    "lyrics": "asdf",
    "tab": "asdf"
  },
  {
    "title": "zzzzzz",
    "artist": null,
    "genre": null,
    "album": null,
    "albumImageUrl": null,
    "youtubeId": null,
    "lyrics": null,
    "tab": null
  },
  {
    "title": "asdf",
    "artist": "asdf",
    "genre": "asdf",
    "album": "asdf",
    "albumImageUrl": "asdf",
    "youtubeId": "asdf",
    "lyrics": "asdf",
    "tab": "asdfasdf"
  },
  {
    "title": "Float On!",
    "artist": "Modest Mouse",
    "genre": "Rock",
    "album": "Good News for People Who Love Bad News",
    "albumImageUrl": "https://images-na.ssl-images-amazon.com/images/I/61RmDQUGIAL._SL1500_.jpg",
    "youtubeId": "CTAud5O7Qqk",
    "lyrics": "I backed my car into a cop car the other day\nWell, he just drove off - sometimes life's okay\nI ran my mouth off a bit too much, ah what did I say?\nWell, you just laughed it off and it was all okay\nAnd we'll all float on okay\nAnd we'll all float on okay\nAnd we'll all float on okay\nAnd we'll all float on anyway, well\nA fake Jamaican took every last dime with that scam\nIt was worth it just to learn some sleight of hand\nBad news comes, don't you worry even when it lands\nGood news will work it way to all them plans\nWe both got fired on, exactly, the same day\nWell, we'll float on, good news is on the way\nAnd we'll all float on okay\nAnd we'll all float on okay\nAnd we'll all float on okay\nAnd we'll all float on alright\nAlready we'll all float on\nNow don't you worry we'll all float on alright\nAlready we'll all float on alright\nDon't worry we'll all float on\nAlright, Already\nAnd we'll all float on alright\nAlready we'll all float on alright\nDon't worry even if things end up a bit\nToo heavy we'll all float on alright\nAlready, we'll all float on alright\nAlready, we'll all float on okay\nDon't worry, even if things get heavy\nWe'll all float on alright\nAlready, we'll all float on\n(Alright!)\nNow don't you worry, we'll all float on\n(Alright!)\nWe'll all float on",
    "tab": "-------------------------------------------------------------------------------\n                             Float On - Modest Mouse\n-------------------------------------------------------------------------------\nTabbed by: Matt (Ceakoth)\nEmail: spleenplowg@hotmail.com\n\nTuning: EADGBE\nI'm not sure Guitar 1 may capo the first fret, but i'm not sure so i'll write it as not.\n\n[Intro/Verse]\n\nGuitar 1                                                                    5x\ne|---6---6r-6-6-6-6-66-6--6r-6-6-6-6-66-6---6r--6-6-6-6-66-6-6r-6-6-6-6-66--||\nB|---6h7-7r-7-7-7-7-77-6--6r-6-6-6-6-66-6h7-7r--7-7-7-7-76-6-6r-6-6-6-6-66-.||\nG|---6---6r-6-6-6-6-66-6--6r-6-6-6-6-66-6h8-8r--8-8-8-8-86-6-6r-6-6-6-6-66--||\nD|---------------------------------------------------------8-8r-8-8-8-8-88--||\nA|-------------------------------------------------------------------------.||\nE|--------------------------------------------------------------------------||\nGuitar 2 (plays 2nd and 5th time through with guitar one)\n    |let ring              |let ring              |let ring\ne|-------9----------------------9----------------------9---------------------|\nB|-----11-11-9-11-11-11-11----11-11-9-11-11-11-11---11--11-9-11-11-11-11-11--|\nG|---11---------------------10---------------------9-------------------------|\nD|---------------------------------------------------------------------------|\nA|---------------------------------------------------------------------------|\nE|---------------------------------------------------------------------------|\nGuitar 2 (2nd part of solo)\ne|---------------------------------------------------------------------------|\nB|-11-11-11-11-11-11-9-7\\----------------------------------------------------|\nG|---------------------------------------------------------------------------|\nD|---------------------------------------------------------------------------|\nA|---------------------------------------------------------------------------|\nE|---------------------------------------------------------------------------|\n\n\n[Chorus]\n\nGuitar 1\ne|------6-------6-------6-------6-------6-------6---------6----6------------||\nB|----7---7---6---7---6---6---6---6---7---7---7---7-----6---6----6---------.||\nG|--6-------6-------6-------6-------8-------8---------6------6--------------||\nD|--------------------------------------------------8-----------------------||\nA|-------------------------------------------------------------------------.||\nE|--------------------------------------------------------------------------||\n\n\n[Verse]\n\nGuitar 1                                                                    4x\ne|---6---6r-6-6-6-6-66-6--6r-6-6-6-6-66-6---6r--6-6-6-6-66-6-6r-6-6-6-6-66--||\nB|---6h7-7r-7-7-7-7-77-6--6r-6-6-6-6-66-6h7-7r--7-7-7-7-76-6-6r-6-6-6-6-66-.||\nG|---6---6r-6-6-6-6-66-6--6r-6-6-6-6-66-6h8-8r--8-8-8-8-86-6-6r-6-6-6-6-66--||\nD|---------------------------------------------------------8-8r-8-8-8-8-88--||\nA|-------------------------------------------------------------------------.||\nE|--------------------------------------------------------------------------||\nGuitar 2 (plays 4th time through with guitar one)\n    |let ring              |let ring              |let ring\ne|-------9----------------------9----------------------9---------------------|\nB|-----11-11-9-11-11-11-11----11-11-9-11-11-11-11---11--11-9-11-11-11-11-11--|\nG|---11---------------------10---------------------9-------------------------|\nD|---------------------------------------------------------------------------|\nA|---------------------------------------------------------------------------|\nE|---------------------------------------------------------------------------|\nGuitar 2 (2nd part of solo)\ne|---------------------------------------------------------------------------|\nB|-11-11-11-11-11-11-9-7\\----------------------------------------------------|\nG|---------------------------------------------------------------------------|\nD|---------------------------------------------------------------------------|\nA|---------------------------------------------------------------------------|\nE|---------------------------------------------------------------------------|\n\n\n[Chorus]\n\nGuitar 1\ne|------6-------6-------6-------6-------6-------6---------6----6------------||\nB|----7---7---6---7---6---6---6---6---7---7---7---7-----6---6----6---------.||\nG|--6-------6-------6-------6-------8-------8---------6------6--------------||\nD|--------------------------------------------------8-----------------------||\nA|-------------------------------------------------------------------------.||\nE|--------------------------------------------------------------------------||\n\n\n[Verse]\n\nGuitar 1                                                                    2x\ne|---6---6r-6-6-6-6-66-6--6r-6-6-6-6-66-6---6r--6-6-6-6-66-6-6r-6-6-6-6-66--||\nB|---6h7-7r-7-7-7-7-77-6--6r-6-6-6-6-66-6h7-7r--7-7-7-7-76-6-6r-6-6-6-6-66-.||\nG|---6---6r-6-6-6-6-66-6--6r-6-6-6-6-66-6h8-8r--8-8-8-8-86-6-6r-6-6-6-6-66--||\nD|---------------------------------------------------------8-8r-8-8-8-8-88--||\nA|-------------------------------------------------------------------------.||\nE|--------------------------------------------------------------------------||\nGuitar 2  (plays with guitar one full time)                                  \n    |let ring              |let ring              |let ring                 2x\ne|-------9----------------------9----------------------9--------------------||\nB|-----11-11-9-11-11-11-11----11-11-9-11-11-11-11---11--11-9-11-11-11-11-11.||\nG|---11---------------------10---------------------9------------------------||\nD|--------------------------------------------------------------------------||\nA|-------------------------------------------------------------------------.||\nE|--------------------------------------------------------------------------||\nGuitar 2 (2nd part of solo)\ne|---------------------------------------------------------------------------|\nB|-11-11-11-11-11-11-9-7\\----------------------------------------------------|\nG|---------------------------------------------------------------------------|\nD|---------------------------------------------------------------------------|\nA|---------------------------------------------------------------------------|\nE|---------------------------------------------------------------------------|\n\n\n[Outro]\n\ne|-(10 measure rest)-|\nB|-(10 measure rest)-|\nG|-(10 measure rest)-|\nD|-(10 measure rest)-|\nA|-(10 measure rest)-|\nE|-(10 measure rest)-|\n\nGuitar 1                                                                    2x\ne|---6---6r-6-6-6-6-66-6--6r-6-6-6-6-66-6---6r--6-6-6-6-66-6-6r-6-6-6-6-66--||\nB|---6h7-7r-7-7-7-7-77-6--6r-6-6-6-6-66-6h7-7r--7-7-7-7-76-6-6r-6-6-6-6-66-.||\nG|---6---6r-6-6-6-6-66-6--6r-6-6-6-6-66-6h8-8r--8-8-8-8-86-6-6r-6-6-6-6-66--||\nD|---------------------------------------------------------8-8r-8-8-8-8-88--||\nA|-------------------------------------------------------------------------.||\nE|--------------------------------------------------------------------------||\n\nGuitar 2  (plays with guitar one full time)                                  \n    |let ring              |let ring              |let ring                 2x\ne|-------9----------------------9----------------------9--------------------||\nB|-----11-11-9-11-11-11-11----11-11-9-11-11-11-11---11--11-9-11-11-11-11-11.||\nG|---11---------------------10---------------------9------------------------||\nD|--------------------------------------------------------------------------||\nA|-------------------------------------------------------------------------.||\nE|--------------------------------------------------------------------------||\nGuitar 2 (2nd part of solo)\ne|---------------------------------------------------------------------------|\nB|-11-11-11-11-11-11-9-7\\----------------------------------------------------|\nG|---------------------------------------------------------------------------|\nD|---------------------------------------------------------------------------|\nA|---------------------------------------------------------------------------|\nE|---------------------------------------------------------------------------|\nGuitar 1\n   |let ring-----------------------------------------\ne|--6------------------------------------------------------------------------|\nB|--7------------------------------------------------------------------------|\nG|--6------------------------------------------------------------------------|\nD|---------------------------------------------------------------------------|\nA|---------------------------------------------------------------------------|\nE|---------------------------------------------------------------------------|\n\nAnd there you have it, hope you like it!\n\n\n************************************\n\n| h  Hammer-on\n| r  Release\n| \\  Slide down\n\n************************************"
  }
]